Filename,Label
Industrial/industrial_341.jpg,2
River/river_191.jpg,4
AnnualCrop/farmland_127.jpg,0
AnnualCrop/farmland_307.jpg,0
Highway/viaduct_112.jpg,6
River/river_35.jpg,4
AnnualCrop/farmland_232.jpg,0
River/river_300.jpg,4
Residential/denseresidential_392.jpg,3
River/river_5.jpg,4
Pasture/meadow_257.jpg,5
Highway/viaduct_267.jpg,6
Industrial/industrial_138.jpg,2
AnnualCrop/farmland_367.jpg,0
Pasture/meadow_90.jpg,5
River/river_366.jpg,4
AnnualCrop/farmland_305.jpg,0
Industrial/industrial_336.jpg,2
Forest/forest_211.jpg,1
River/river_161.jpg,4
Industrial/industrial_94.jpg,2
Residential/denseresidential_77.jpg,3
Pasture/meadow_27.jpg,5
Residential/denseresidential_173.jpg,3
Pasture/meadow_131.jpg,5
River/river_220.jpg,4
AnnualCrop/farmland_66.jpg,0
Pasture/meadow_154.jpg,5
River/river_164.jpg,4
Pasture/meadow_219.jpg,5
Highway/viaduct_56.jpg,6
River/river_327.jpg,4
Residential/denseresidential_130.jpg,3
AnnualCrop/farmland_74.jpg,0
Industrial/industrial_354.jpg,2
Residential/denseresidential_193.jpg,3
River/river_188.jpg,4
AnnualCrop/farmland_29.jpg,0
Highway/viaduct_134.jpg,6
Forest/forest_216.jpg,1
Industrial/industrial_193.jpg,2
Forest/forest_51.jpg,1
AnnualCrop/farmland_21.jpg,0
Residential/denseresidential_226.jpg,3
Pasture/meadow_278.jpg,5
AnnualCrop/farmland_347.jpg,0
Industrial/industrial_241.jpg,2
AnnualCrop/farmland_26.jpg,0
Pasture/meadow_7.jpg,5
Forest/forest_209.jpg,1
Highway/viaduct_60.jpg,6
Highway/viaduct_14.jpg,6
Industrial/industrial_141.jpg,2
AnnualCrop/farmland_176.jpg,0
Highway/viaduct_65.jpg,6
AnnualCrop/farmland_79.jpg,0
Highway/viaduct_109.jpg,6
Residential/denseresidential_29.jpg,3
AnnualCrop/farmland_30.jpg,0
Pasture/meadow_108.jpg,5
Highway/viaduct_383.jpg,6
Highway/viaduct_355.jpg,6
Pasture/meadow_82.jpg,5
Pasture/meadow_250.jpg,5
River/river_247.jpg,4
Forest/forest_179.jpg,1
Highway/viaduct_337.jpg,6
Forest/forest_84.jpg,1
Pasture/meadow_114.jpg,5
Residential/denseresidential_110.jpg,3
Forest/forest_143.jpg,1
Pasture/meadow_161.jpg,5
AnnualCrop/farmland_259.jpg,0
Residential/denseresidential_161.jpg,3
Industrial/industrial_250.jpg,2
AnnualCrop/farmland_288.jpg,0
AnnualCrop/farmland_191.jpg,0
Highway/viaduct_105.jpg,6
Forest/forest_133.jpg,1
Residential/denseresidential_263.jpg,3
AnnualCrop/farmland_338.jpg,0
River/river_117.jpg,4
Highway/viaduct_403.jpg,6
Forest/forest_8.jpg,1
AnnualCrop/farmland_282.jpg,0
Industrial/industrial_158.jpg,2
Pasture/meadow_56.jpg,5
Pasture/meadow_160.jpg,5
Highway/viaduct_247.jpg,6
AnnualCrop/farmland_224.jpg,0
Industrial/industrial_127.jpg,2
Pasture/meadow_137.jpg,5
Pasture/meadow_202.jpg,5
Residential/denseresidential_11.jpg,3
River/river_239.jpg,4
Highway/viaduct_250.jpg,6
Forest/forest_222.jpg,1
Highway/viaduct_146.jpg,6
River/river_360.jpg,4
River/river_181.jpg,4
River/river_254.jpg,4
AnnualCrop/farmland_273.jpg,0
River/river_89.jpg,4
Highway/viaduct_305.jpg,6
Forest/forest_189.jpg,1
River/river_210.jpg,4
AnnualCrop/farmland_238.jpg,0
AnnualCrop/farmland_217.jpg,0
Highway/viaduct_140.jpg,6
Industrial/industrial_335.jpg,2
AnnualCrop/farmland_50.jpg,0
Industrial/industrial_136.jpg,2
Industrial/industrial_146.jpg,2
Highway/viaduct_116.jpg,6
Industrial/industrial_168.jpg,2
Residential/denseresidential_410.jpg,3
Residential/denseresidential_127.jpg,3
Highway/viaduct_366.jpg,6
Residential/denseresidential_318.jpg,3
Residential/denseresidential_139.jpg,3
Industrial/industrial_283.jpg,2
Forest/forest_232.jpg,1
River/river_391.jpg,4
Residential/denseresidential_121.jpg,3
Forest/forest_72.jpg,1
Highway/viaduct_309.jpg,6
Industrial/industrial_165.jpg,2
Residential/denseresidential_331.jpg,3
Industrial/industrial_300.jpg,2
Forest/forest_10.jpg,1
River/river_303.jpg,4
River/river_346.jpg,4
Pasture/meadow_47.jpg,5
Highway/viaduct_154.jpg,6
Highway/viaduct_69.jpg,6
AnnualCrop/farmland_226.jpg,0
AnnualCrop/farmland_188.jpg,0
River/river_171.jpg,4
Forest/forest_192.jpg,1
Pasture/meadow_134.jpg,5
Pasture/meadow_168.jpg,5
Residential/denseresidential_335.jpg,3
Residential/denseresidential_38.jpg,3
Pasture/meadow_156.jpg,5
Residential/denseresidential_406.jpg,3
AnnualCrop/farmland_13.jpg,0
Industrial/industrial_140.jpg,2
Residential/denseresidential_90.jpg,3
Pasture/meadow_171.jpg,5
Industrial/industrial_58.jpg,2
River/river_85.jpg,4
AnnualCrop/farmland_275.jpg,0
Industrial/industrial_311.jpg,2
AnnualCrop/farmland_85.jpg,0
Highway/viaduct_379.jpg,6
AnnualCrop/farmland_151.jpg,0
AnnualCrop/farmland_113.jpg,0
Forest/forest_16.jpg,1
AnnualCrop/farmland_3.jpg,0
AnnualCrop/farmland_52.jpg,0
Pasture/meadow_212.jpg,5
AnnualCrop/farmland_266.jpg,0
Pasture/meadow_198.jpg,5
Residential/denseresidential_249.jpg,3
Industrial/industrial_188.jpg,2
Residential/denseresidential_179.jpg,3
Industrial/industrial_360.jpg,2
River/river_159.jpg,4
AnnualCrop/farmland_156.jpg,0
River/river_98.jpg,4
Residential/denseresidential_223.jpg,3
Residential/denseresidential_315.jpg,3
AnnualCrop/farmland_356.jpg,0
River/river_312.jpg,4
Highway/viaduct_356.jpg,6
Highway/viaduct_151.jpg,6
River/river_29.jpg,4
Forest/forest_241.jpg,1
Residential/denseresidential_125.jpg,3
Highway/viaduct_218.jpg,6
Industrial/industrial_288.jpg,2
River/river_114.jpg,4
Industrial/industrial_381.jpg,2
Forest/forest_161.jpg,1
Forest/forest_215.jpg,1
Pasture/meadow_94.jpg,5
Pasture/meadow_218.jpg,5
River/river_223.jpg,4
AnnualCrop/farmland_366.jpg,0
Residential/denseresidential_261.jpg,3
Industrial/industrial_197.jpg,2
Forest/forest_175.jpg,1
Highway/viaduct_135.jpg,6
Residential/denseresidential_369.jpg,3
River/river_374.jpg,4
Highway/viaduct_289.jpg,6
Pasture/meadow_208.jpg,5
AnnualCrop/farmland_204.jpg,0
Highway/viaduct_85.jpg,6
Highway/viaduct_302.jpg,6
River/river_123.jpg,4
Pasture/meadow_105.jpg,5
River/river_172.jpg,4
River/river_256.jpg,4
AnnualCrop/farmland_184.jpg,0
Industrial/industrial_116.jpg,2
Residential/denseresidential_297.jpg,3
AnnualCrop/farmland_23.jpg,0
Pasture/meadow_41.jpg,5
Pasture/meadow_52.jpg,5
River/river_83.jpg,4
Highway/viaduct_156.jpg,6
River/river_290.jpg,4
River/river_147.jpg,4
Forest/forest_194.jpg,1
River/river_211.jpg,4
Residential/denseresidential_141.jpg,3
Residential/denseresidential_147.jpg,3
River/river_99.jpg,4
River/river_407.jpg,4
AnnualCrop/farmland_190.jpg,0
Residential/denseresidential_202.jpg,3
Residential/denseresidential_238.jpg,3
Pasture/meadow_146.jpg,5
AnnualCrop/farmland_364.jpg,0
Highway/viaduct_354.jpg,6
Residential/denseresidential_284.jpg,3
River/river_31.jpg,4
Highway/viaduct_171.jpg,6
River/river_348.jpg,4
Highway/viaduct_282.jpg,6
Residential/denseresidential_208.jpg,3
Pasture/meadow_24.jpg,5
AnnualCrop/farmland_82.jpg,0
Highway/viaduct_91.jpg,6
Highway/viaduct_179.jpg,6
Highway/viaduct_294.jpg,6
Industrial/industrial_221.jpg,2
Pasture/meadow_59.jpg,5
Pasture/meadow_230.jpg,5
Residential/denseresidential_176.jpg,3
AnnualCrop/farmland_76.jpg,0
Industrial/industrial_306.jpg,2
AnnualCrop/farmland_360.jpg,0
Highway/viaduct_388.jpg,6
Highway/viaduct_202.jpg,6
Highway/viaduct_213.jpg,6
Highway/viaduct_258.jpg,6
Highway/viaduct_8.jpg,6
Residential/denseresidential_346.jpg,3
Industrial/industrial_16.jpg,2
Pasture/meadow_204.jpg,5
AnnualCrop/farmland_40.jpg,0
Industrial/industrial_73.jpg,2
Residential/denseresidential_109.jpg,3
Pasture/meadow_240.jpg,5
Residential/denseresidential_12.jpg,3
Forest/forest_12.jpg,1
Highway/viaduct_142.jpg,6
Forest/forest_188.jpg,1
Highway/viaduct_37.jpg,6
Residential/denseresidential_348.jpg,3
AnnualCrop/farmland_35.jpg,0
Forest/forest_187.jpg,1
River/river_17.jpg,4
Highway/viaduct_323.jpg,6
AnnualCrop/farmland_32.jpg,0
Pasture/meadow_263.jpg,5
Pasture/meadow_252.jpg,5
Highway/viaduct_43.jpg,6
River/river_197.jpg,4
River/river_34.jpg,4
Highway/viaduct_177.jpg,6
AnnualCrop/farmland_368.jpg,0
Highway/viaduct_333.jpg,6
River/river_384.jpg,4
Industrial/industrial_252.jpg,2
AnnualCrop/farmland_340.jpg,0
AnnualCrop/farmland_203.jpg,0
Forest/forest_123.jpg,1
AnnualCrop/farmland_255.jpg,0
Industrial/industrial_12.jpg,2
Highway/viaduct_263.jpg,6
Forest/forest_48.jpg,1
AnnualCrop/farmland_141.jpg,0
Pasture/meadow_256.jpg,5
Pasture/meadow_88.jpg,5
Highway/viaduct_159.jpg,6
Residential/denseresidential_112.jpg,3
Forest/forest_36.jpg,1
Forest/forest_24.jpg,1
Residential/denseresidential_195.jpg,3
Forest/forest_80.jpg,1
Industrial/industrial_299.jpg,2
AnnualCrop/farmland_49.jpg,0
Forest/forest_52.jpg,1
AnnualCrop/farmland_312.jpg,0
Residential/denseresidential_37.jpg,3
AnnualCrop/farmland_260.jpg,0
River/river_213.jpg,4
River/river_398.jpg,4
Highway/viaduct_230.jpg,6
River/river_158.jpg,4
Forest/forest_219.jpg,1
Residential/denseresidential_5.jpg,3
River/river_306.jpg,4
Highway/viaduct_380.jpg,6
River/river_214.jpg,4
River/river_257.jpg,4
Industrial/industrial_292.jpg,2
Highway/viaduct_234.jpg,6
River/river_118.jpg,4
Highway/viaduct_88.jpg,6
Residential/denseresidential_188.jpg,3
River/river_351.jpg,4
River/river_151.jpg,4
AnnualCrop/farmland_125.jpg,0
Pasture/meadow_20.jpg,5
Industrial/industrial_26.jpg,2
Highway/viaduct_287.jpg,6
Industrial/industrial_175.jpg,2
Industrial/industrial_366.jpg,2
Highway/viaduct_75.jpg,6
Industrial/industrial_275.jpg,2
Highway/viaduct_238.jpg,6
Pasture/meadow_236.jpg,5
Industrial/industrial_14.jpg,2
Forest/forest_58.jpg,1
Residential/denseresidential_222.jpg,3
Highway/viaduct_347.jpg,6
AnnualCrop/farmland_247.jpg,0
Residential/denseresidential_404.jpg,3
AnnualCrop/farmland_317.jpg,0
AnnualCrop/farmland_252.jpg,0
Pasture/meadow_176.jpg,5
AnnualCrop/farmland_73.jpg,0
Pasture/meadow_9.jpg,5
River/river_132.jpg,4
Highway/viaduct_164.jpg,6
Forest/forest_220.jpg,1
Forest/forest_120.jpg,1
Highway/viaduct_390.jpg,6
Forest/forest_208.jpg,1
Highway/viaduct_375.jpg,6
Pasture/meadow_30.jpg,5
Residential/denseresidential_18.jpg,3
Forest/forest_147.jpg,1
Residential/denseresidential_8.jpg,3
Residential/denseresidential_21.jpg,3
AnnualCrop/farmland_334.jpg,0
River/river_4.jpg,4
Pasture/meadow_132.jpg,5
Highway/viaduct_152.jpg,6
Residential/denseresidential_197.jpg,3
Industrial/industrial_365.jpg,2
AnnualCrop/farmland_202.jpg,0
Forest/forest_127.jpg,1
Industrial/industrial_234.jpg,2
Highway/viaduct_189.jpg,6
Residential/denseresidential_50.jpg,3
Highway/viaduct_266.jpg,6
Residential/denseresidential_189.jpg,3
Industrial/industrial_207.jpg,2
River/river_200.jpg,4
Residential/denseresidential_158.jpg,3
River/river_342.jpg,4
Residential/denseresidential_345.jpg,3
Residential/denseresidential_72.jpg,3
Industrial/industrial_105.jpg,2
Residential/denseresidential_349.jpg,3
Highway/viaduct_384.jpg,6
AnnualCrop/farmland_88.jpg,0
Pasture/meadow_45.jpg,5
River/river_81.jpg,4
Industrial/industrial_98.jpg,2
Pasture/meadow_237.jpg,5
Industrial/industrial_295.jpg,2
River/river_401.jpg,4
Industrial/industrial_41.jpg,2
Highway/viaduct_126.jpg,6
Forest/forest_65.jpg,1
Residential/denseresidential_376.jpg,3
Forest/forest_131.jpg,1
River/river_163.jpg,4
Industrial/industrial_200.jpg,2
Residential/denseresidential_128.jpg,3
Residential/denseresidential_86.jpg,3
Industrial/industrial_269.jpg,2
River/river_355.jpg,4
Industrial/industrial_126.jpg,2
Residential/denseresidential_150.jpg,3
River/river_59.jpg,4
Industrial/industrial_162.jpg,2
Industrial/industrial_20.jpg,2
AnnualCrop/farmland_139.jpg,0
River/river_111.jpg,4
Industrial/industrial_344.jpg,2
AnnualCrop/farmland_201.jpg,0
Residential/denseresidential_302.jpg,3
Industrial/industrial_96.jpg,2
Industrial/industrial_11.jpg,2
Industrial/industrial_148.jpg,2
Industrial/industrial_21.jpg,2
Forest/forest_138.jpg,1
Industrial/industrial_253.jpg,2
Pasture/meadow_279.jpg,5
River/river_276.jpg,4
Industrial/industrial_39.jpg,2
AnnualCrop/farmland_179.jpg,0
Highway/viaduct_371.jpg,6
Residential/denseresidential_310.jpg,3
AnnualCrop/farmland_55.jpg,0
Forest/forest_249.jpg,1
Residential/denseresidential_402.jpg,3
Industrial/industrial_347.jpg,2
River/river_11.jpg,4
Industrial/industrial_355.jpg,2
Pasture/meadow_70.jpg,5
Forest/forest_237.jpg,1
Highway/viaduct_389.jpg,6
Pasture/meadow_200.jpg,5
Forest/forest_68.jpg,1
AnnualCrop/farmland_31.jpg,0
Residential/denseresidential_305.jpg,3
Industrial/industrial_374.jpg,2
Residential/denseresidential_258.jpg,3
Industrial/industrial_154.jpg,2
Forest/forest_91.jpg,1
Highway/viaduct_338.jpg,6
Highway/viaduct_332.jpg,6
Residential/denseresidential_39.jpg,3
Highway/viaduct_81.jpg,6
Highway/viaduct_261.jpg,6
Highway/viaduct_195.jpg,6
Highway/viaduct_231.jpg,6
Forest/forest_87.jpg,1
Residential/denseresidential_323.jpg,3
River/river_305.jpg,4
River/river_233.jpg,4
Forest/forest_129.jpg,1
River/river_347.jpg,4
River/river_296.jpg,4
Pasture/meadow_195.jpg,5
AnnualCrop/farmland_4.jpg,0
River/river_79.jpg,4
Residential/denseresidential_319.jpg,3
Residential/denseresidential_250.jpg,3
Industrial/industrial_369.jpg,2
Industrial/industrial_2.jpg,2
Residential/denseresidential_234.jpg,3
River/river_388.jpg,4
Highway/viaduct_92.jpg,6
AnnualCrop/farmland_186.jpg,0
Residential/denseresidential_367.jpg,3
Highway/viaduct_346.jpg,6
AnnualCrop/farmland_309.jpg,0
Highway/viaduct_155.jpg,6
Forest/forest_15.jpg,1
Industrial/industrial_117.jpg,2
AnnualCrop/farmland_321.jpg,0
River/river_311.jpg,4
Industrial/industrial_370.jpg,2
Highway/viaduct_216.jpg,6
Industrial/industrial_52.jpg,2
Residential/denseresidential_276.jpg,3
Pasture/meadow_191.jpg,5
Highway/viaduct_363.jpg,6
AnnualCrop/farmland_314.jpg,0
River/river_410.jpg,4
River/river_281.jpg,4
River/river_212.jpg,4
Highway/viaduct_351.jpg,6
Highway/viaduct_26.jpg,6
River/river_64.jpg,4
Highway/viaduct_208.jpg,6
Highway/viaduct_269.jpg,6
Residential/denseresidential_40.jpg,3
AnnualCrop/farmland_61.jpg,0
AnnualCrop/farmland_45.jpg,0
Industrial/industrial_128.jpg,2
Pasture/meadow_115.jpg,5
Industrial/industrial_214.jpg,2
AnnualCrop/farmland_210.jpg,0
Highway/viaduct_127.jpg,6
River/river_155.jpg,4
AnnualCrop/farmland_218.jpg,0
AnnualCrop/farmland_265.jpg,0
AnnualCrop/farmland_239.jpg,0
Highway/viaduct_174.jpg,6
Forest/forest_46.jpg,1
Forest/forest_18.jpg,1
Industrial/industrial_350.jpg,2
Pasture/meadow_261.jpg,5
Pasture/meadow_148.jpg,5
Highway/viaduct_100.jpg,6
River/river_157.jpg,4
Forest/forest_250.jpg,1
Forest/forest_234.jpg,1
AnnualCrop/farmland_200.jpg,0
AnnualCrop/farmland_124.jpg,0
Residential/denseresidential_294.jpg,3
Residential/denseresidential_116.jpg,3
Forest/forest_85.jpg,1
AnnualCrop/farmland_304.jpg,0
River/river_47.jpg,4
Pasture/meadow_34.jpg,5
Highway/viaduct_80.jpg,6
AnnualCrop/farmland_19.jpg,0
Highway/viaduct_264.jpg,6
Residential/denseresidential_239.jpg,3
Industrial/industrial_115.jpg,2
River/river_266.jpg,4
River/river_166.jpg,4
Industrial/industrial_348.jpg,2
Industrial/industrial_340.jpg,2
River/river_106.jpg,4
River/river_22.jpg,4
Highway/viaduct_399.jpg,6
Industrial/industrial_181.jpg,2
Highway/viaduct_273.jpg,6
Residential/denseresidential_119.jpg,3
Forest/forest_165.jpg,1
Forest/forest_195.jpg,1
Industrial/industrial_338.jpg,2
Forest/forest_109.jpg,1
Residential/denseresidential_245.jpg,3
Pasture/meadow_76.jpg,5
Highway/viaduct_4.jpg,6
Pasture/meadow_43.jpg,5
Pasture/meadow_247.jpg,5
Pasture/meadow_170.jpg,5
AnnualCrop/farmland_199.jpg,0
River/river_299.jpg,4
River/river_61.jpg,4
Residential/denseresidential_289.jpg,3
Highway/viaduct_236.jpg,6
River/river_273.jpg,4
River/river_262.jpg,4
River/river_33.jpg,4
Pasture/meadow_81.jpg,5
Highway/viaduct_320.jpg,6
Industrial/industrial_376.jpg,2
Highway/viaduct_221.jpg,6
Residential/denseresidential_54.jpg,3
Pasture/meadow_158.jpg,5
Industrial/industrial_323.jpg,2
Industrial/industrial_332.jpg,2
AnnualCrop/farmland_169.jpg,0
Industrial/industrial_301.jpg,2
Pasture/meadow_127.jpg,5
River/river_134.jpg,4
Industrial/industrial_244.jpg,2
Residential/denseresidential_35.jpg,3
Residential/denseresidential_259.jpg,3
River/river_32.jpg,4
Pasture/meadow_87.jpg,5
AnnualCrop/farmland_39.jpg,0
Forest/forest_183.jpg,1
Pasture/meadow_151.jpg,5
Pasture/meadow_242.jpg,5
River/river_115.jpg,4
Pasture/meadow_96.jpg,5
Residential/denseresidential_174.jpg,3
Forest/forest_6.jpg,1
River/river_87.jpg,4
River/river_50.jpg,4
Residential/denseresidential_385.jpg,3
Industrial/industrial_322.jpg,2
AnnualCrop/farmland_324.jpg,0
AnnualCrop/farmland_168.jpg,0
River/river_298.jpg,4
Pasture/meadow_217.jpg,5
AnnualCrop/farmland_2.jpg,0
River/river_135.jpg,4
Residential/denseresidential_278.jpg,3
Industrial/industrial_87.jpg,2
Residential/denseresidential_84.jpg,3
River/river_394.jpg,4
River/river_403.jpg,4
Highway/viaduct_173.jpg,6
AnnualCrop/farmland_137.jpg,0
Residential/denseresidential_32.jpg,3
Highway/viaduct_54.jpg,6
Forest/forest_166.jpg,1
AnnualCrop/farmland_289.jpg,0
Highway/viaduct_374.jpg,6
Highway/viaduct_64.jpg,6
AnnualCrop/farmland_215.jpg,0
AnnualCrop/farmland_143.jpg,0
Residential/denseresidential_67.jpg,3
River/river_40.jpg,4
Highway/viaduct_314.jpg,6
River/river_182.jpg,4
River/river_82.jpg,4
River/river_363.jpg,4
Residential/denseresidential_2.jpg,3
Industrial/industrial_277.jpg,2
Industrial/industrial_113.jpg,2
AnnualCrop/farmland_297.jpg,0
Residential/denseresidential_73.jpg,3
AnnualCrop/farmland_296.jpg,0
AnnualCrop/farmland_157.jpg,0
River/river_291.jpg,4
River/river_341.jpg,4
Industrial/industrial_386.jpg,2
Industrial/industrial_69.jpg,2
Industrial/industrial_264.jpg,2
AnnualCrop/farmland_283.jpg,0
Residential/denseresidential_343.jpg,3
Highway/viaduct_132.jpg,6
Residential/denseresidential_34.jpg,3
River/river_24.jpg,4
Residential/denseresidential_283.jpg,3
Highway/viaduct_324.jpg,6
Highway/viaduct_252.jpg,6
Forest/forest_34.jpg,1
Pasture/meadow_40.jpg,5
AnnualCrop/farmland_105.jpg,0
Forest/forest_186.jpg,1
Forest/forest_97.jpg,1
Residential/denseresidential_314.jpg,3
River/river_245.jpg,4
Industrial/industrial_176.jpg,2
Residential/denseresidential_271.jpg,3
Industrial/industrial_160.jpg,2
AnnualCrop/farmland_84.jpg,0
Pasture/meadow_249.jpg,5
Residential/denseresidential_399.jpg,3
Residential/denseresidential_321.jpg,3
AnnualCrop/farmland_16.jpg,0
River/river_139.jpg,4
River/river_406.jpg,4
Pasture/meadow_177.jpg,5
Industrial/industrial_194.jpg,2
Highway/viaduct_7.jpg,6
River/river_124.jpg,4
Industrial/industrial_245.jpg,2
Residential/denseresidential_71.jpg,3
Residential/denseresidential_99.jpg,3
River/river_88.jpg,4
Highway/viaduct_397.jpg,6
Highway/viaduct_5.jpg,6
Industrial/industrial_287.jpg,2
Highway/viaduct_111.jpg,6
Forest/forest_63.jpg,1
Pasture/meadow_194.jpg,5
Industrial/industrial_45.jpg,2
Residential/denseresidential_384.jpg,3
Industrial/industrial_8.jpg,2
Highway/viaduct_319.jpg,6
Highway/viaduct_377.jpg,6
AnnualCrop/farmland_281.jpg,0
River/river_270.jpg,4
River/river_185.jpg,4
Residential/denseresidential_124.jpg,3
AnnualCrop/farmland_78.jpg,0
Residential/denseresidential_285.jpg,3
AnnualCrop/farmland_136.jpg,0
Highway/viaduct_257.jpg,6
Highway/viaduct_143.jpg,6
River/river_44.jpg,4
Industrial/industrial_106.jpg,2
Industrial/industrial_190.jpg,2
Highway/viaduct_395.jpg,6
Pasture/meadow_121.jpg,5
River/river_349.jpg,4
Residential/denseresidential_246.jpg,3
River/river_180.jpg,4
Industrial/industrial_192.jpg,2
Forest/forest_204.jpg,1
Highway/viaduct_110.jpg,6
Residential/denseresidential_81.jpg,3
Industrial/industrial_309.jpg,2
Industrial/industrial_215.jpg,2
River/river_400.jpg,4
Industrial/industrial_156.jpg,2
Industrial/industrial_318.jpg,2
AnnualCrop/farmland_142.jpg,0
Highway/viaduct_33.jpg,6
Forest/forest_136.jpg,1
Highway/viaduct_124.jpg,6
Highway/viaduct_382.jpg,6
Highway/viaduct_149.jpg,6
Forest/forest_106.jpg,1
AnnualCrop/farmland_303.jpg,0
River/river_20.jpg,4
AnnualCrop/farmland_234.jpg,0
River/river_187.jpg,4
Industrial/industrial_333.jpg,2
Pasture/meadow_135.jpg,5
Highway/viaduct_104.jpg,6
River/river_321.jpg,4
Pasture/meadow_183.jpg,5
Residential/denseresidential_388.jpg,3
Industrial/industrial_5.jpg,2
AnnualCrop/farmland_116.jpg,0
Industrial/industrial_282.jpg,2
Industrial/industrial_24.jpg,2
Residential/denseresidential_30.jpg,3
Pasture/meadow_91.jpg,5
Residential/denseresidential_312.jpg,3
AnnualCrop/farmland_96.jpg,0
Residential/denseresidential_36.jpg,3
Forest/forest_193.jpg,1
Pasture/meadow_260.jpg,5
River/river_184.jpg,4
AnnualCrop/farmland_94.jpg,0
AnnualCrop/farmland_123.jpg,0
Highway/viaduct_321.jpg,6
Highway/viaduct_51.jpg,6
Industrial/industrial_372.jpg,2
Residential/denseresidential_25.jpg,3
Pasture/meadow_130.jpg,5
Industrial/industrial_361.jpg,2
AnnualCrop/farmland_212.jpg,0
AnnualCrop/farmland_362.jpg,0
Industrial/industrial_278.jpg,2
Highway/viaduct_265.jpg,6
River/river_232.jpg,4
River/river_361.jpg,4
Residential/denseresidential_13.jpg,3
River/river_369.jpg,4
River/river_7.jpg,4
Forest/forest_61.jpg,1
AnnualCrop/farmland_357.jpg,0
Forest/forest_238.jpg,1
Residential/denseresidential_391.jpg,3
Industrial/industrial_382.jpg,2
Pasture/meadow_254.jpg,5
Pasture/meadow_197.jpg,5
Forest/forest_104.jpg,1
Industrial/industrial_155.jpg,2
Highway/viaduct_190.jpg,6
Residential/denseresidential_301.jpg,3
Industrial/industrial_195.jpg,2
AnnualCrop/farmland_301.jpg,0
Pasture/meadow_221.jpg,5
Pasture/meadow_274.jpg,5
AnnualCrop/farmland_182.jpg,0
Industrial/industrial_375.jpg,2
Forest/forest_146.jpg,1
Residential/denseresidential_136.jpg,3
Pasture/meadow_60.jpg,5
Highway/viaduct_168.jpg,6
Residential/denseresidential_140.jpg,3
Residential/denseresidential_113.jpg,3
Industrial/industrial_76.jpg,2
River/river_3.jpg,4
Forest/forest_110.jpg,1
Highway/viaduct_229.jpg,6
Residential/denseresidential_340.jpg,3
Industrial/industrial_217.jpg,2
Forest/forest_96.jpg,1
Residential/denseresidential_274.jpg,3
Highway/viaduct_188.jpg,6
River/river_169.jpg,4
Highway/viaduct_34.jpg,6
Highway/viaduct_311.jpg,6
Industrial/industrial_319.jpg,2
River/river_194.jpg,4
AnnualCrop/farmland_81.jpg,0
River/river_367.jpg,4
Highway/viaduct_368.jpg,6
AnnualCrop/farmland_198.jpg,0
Forest/forest_60.jpg,1
River/river_217.jpg,4
Residential/denseresidential_46.jpg,3
River/river_308.jpg,4
Forest/forest_182.jpg,1
River/river_128.jpg,4
Forest/forest_145.jpg,1
Highway/viaduct_357.jpg,6
Pasture/meadow_55.jpg,5
Pasture/meadow_29.jpg,5
River/river_368.jpg,4
Industrial/industrial_15.jpg,2
River/river_237.jpg,4
Highway/viaduct_178.jpg,6
Residential/denseresidential_286.jpg,3
Residential/denseresidential_171.jpg,3
River/river_108.jpg,4
AnnualCrop/farmland_285.jpg,0
Pasture/meadow_149.jpg,5
Residential/denseresidential_342.jpg,3
AnnualCrop/farmland_250.jpg,0
Highway/viaduct_328.jpg,6
Industrial/industrial_342.jpg,2
Pasture/meadow_163.jpg,5
AnnualCrop/farmland_195.jpg,0
Highway/viaduct_276.jpg,6
River/river_286.jpg,4
Residential/denseresidential_79.jpg,3
AnnualCrop/farmland_329.jpg,0
Forest/forest_207.jpg,1
AnnualCrop/farmland_298.jpg,0
River/river_316.jpg,4
Highway/viaduct_248.jpg,6
Residential/denseresidential_96.jpg,3
Highway/viaduct_107.jpg,6
Highway/viaduct_300.jpg,6
Highway/viaduct_113.jpg,6
Residential/denseresidential_149.jpg,3
Forest/forest_32.jpg,1
Highway/viaduct_373.jpg,6
Pasture/meadow_69.jpg,5
River/river_222.jpg,4
Forest/forest_117.jpg,1
Residential/denseresidential_409.jpg,3
AnnualCrop/farmland_140.jpg,0
River/river_69.jpg,4
Highway/viaduct_191.jpg,6
Highway/viaduct_176.jpg,6
Highway/viaduct_31.jpg,6
Industrial/industrial_150.jpg,2
River/river_354.jpg,4
Highway/viaduct_322.jpg,6
River/river_74.jpg,4
River/river_95.jpg,4
River/river_294.jpg,4
Residential/denseresidential_16.jpg,3
Highway/viaduct_186.jpg,6
Industrial/industrial_182.jpg,2
Residential/denseresidential_172.jpg,3
Forest/forest_78.jpg,1
Pasture/meadow_22.jpg,5
River/river_70.jpg,4
AnnualCrop/farmland_107.jpg,0
Residential/denseresidential_270.jpg,3
Forest/forest_59.jpg,1
River/river_244.jpg,4
Highway/viaduct_161.jpg,6
AnnualCrop/farmland_237.jpg,0
River/river_387.jpg,4
Forest/forest_54.jpg,1
Pasture/meadow_259.jpg,5
Pasture/meadow_142.jpg,5
Highway/viaduct_359.jpg,6
Residential/denseresidential_313.jpg,3
Forest/forest_53.jpg,1
AnnualCrop/farmland_134.jpg,0
River/river_103.jpg,4
Highway/viaduct_292.jpg,6
Industrial/industrial_330.jpg,2
AnnualCrop/farmland_174.jpg,0
Highway/viaduct_400.jpg,6
Residential/denseresidential_111.jpg,3
River/river_178.jpg,4
Residential/denseresidential_380.jpg,3
Industrial/industrial_65.jpg,2
Pasture/meadow_179.jpg,5
AnnualCrop/farmland_354.jpg,0
Residential/denseresidential_145.jpg,3
Industrial/industrial_328.jpg,2
River/river_397.jpg,4
Residential/denseresidential_379.jpg,3
River/river_42.jpg,4
Residential/denseresidential_169.jpg,3
Pasture/meadow_173.jpg,5
Residential/denseresidential_265.jpg,3
Highway/viaduct_407.jpg,6
River/river_96.jpg,4
AnnualCrop/farmland_369.jpg,0
Forest/forest_50.jpg,1
Highway/viaduct_70.jpg,6
AnnualCrop/farmland_59.jpg,0
AnnualCrop/farmland_128.jpg,0
Highway/viaduct_169.jpg,6
River/river_246.jpg,4
Residential/denseresidential_255.jpg,3
Residential/denseresidential_156.jpg,3
Highway/viaduct_48.jpg,6
Residential/denseresidential_27.jpg,3
River/river_201.jpg,4
Forest/forest_169.jpg,1
River/river_356.jpg,4
AnnualCrop/farmland_83.jpg,0
Pasture/meadow_271.jpg,5
Pasture/meadow_275.jpg,5
Industrial/industrial_268.jpg,2
River/river_329.jpg,4
AnnualCrop/farmland_194.jpg,0
AnnualCrop/farmland_103.jpg,0
Residential/denseresidential_55.jpg,3
Highway/viaduct_68.jpg,6
Industrial/industrial_49.jpg,2
River/river_234.jpg,4
Residential/denseresidential_211.jpg,3
River/river_77.jpg,4
AnnualCrop/farmland_121.jpg,0
AnnualCrop/farmland_313.jpg,0
River/river_110.jpg,4
Industrial/industrial_226.jpg,2
Highway/viaduct_361.jpg,6
Forest/forest_115.jpg,1
Highway/viaduct_165.jpg,6
AnnualCrop/farmland_25.jpg,0
AnnualCrop/farmland_98.jpg,0
AnnualCrop/farmland_17.jpg,0
River/river_215.jpg,4
Residential/denseresidential_131.jpg,3
Pasture/meadow_122.jpg,5
Pasture/meadow_276.jpg,5
Industrial/industrial_161.jpg,2
Industrial/industrial_78.jpg,2
Highway/viaduct_128.jpg,6
River/river_352.jpg,4
Pasture/meadow_214.jpg,5
Residential/denseresidential_240.jpg,3
River/river_131.jpg,4
Residential/denseresidential_20.jpg,3
Highway/viaduct_172.jpg,6
Residential/denseresidential_175.jpg,3
River/river_109.jpg,4
AnnualCrop/farmland_331.jpg,0
River/river_80.jpg,4
Residential/denseresidential_120.jpg,3
AnnualCrop/farmland_320.jpg,0
River/river_358.jpg,4
Industrial/industrial_71.jpg,2
Highway/viaduct_364.jpg,6
River/river_199.jpg,4
Residential/denseresidential_107.jpg,3
AnnualCrop/farmland_343.jpg,0
Residential/denseresidential_401.jpg,3
River/river_230.jpg,4
Highway/viaduct_21.jpg,6
Forest/forest_248.jpg,1
Pasture/meadow_222.jpg,5
Forest/forest_81.jpg,1
Industrial/industrial_315.jpg,2
Highway/viaduct_405.jpg,6
Forest/forest_92.jpg,1
AnnualCrop/farmland_148.jpg,0
Forest/forest_3.jpg,1
River/river_335.jpg,4
Pasture/meadow_19.jpg,5
Highway/viaduct_203.jpg,6
Highway/viaduct_288.jpg,6
Residential/denseresidential_118.jpg,3
Highway/viaduct_278.jpg,6
Pasture/meadow_15.jpg,5
Forest/forest_73.jpg,1
Forest/forest_90.jpg,1
Pasture/meadow_16.jpg,5
River/river_271.jpg,4
River/river_205.jpg,4
Pasture/meadow_138.jpg,5
River/river_375.jpg,4
River/river_330.jpg,4
Forest/forest_39.jpg,1
Industrial/industrial_380.jpg,2
Residential/denseresidential_267.jpg,3
Pasture/meadow_50.jpg,5
Industrial/industrial_61.jpg,2
Pasture/meadow_239.jpg,5
AnnualCrop/farmland_287.jpg,0
River/river_120.jpg,4
Highway/viaduct_122.jpg,6
Residential/denseresidential_328.jpg,3
AnnualCrop/farmland_370.jpg,0
Residential/denseresidential_330.jpg,3
Highway/viaduct_108.jpg,6
Highway/viaduct_341.jpg,6
River/river_322.jpg,4
AnnualCrop/farmland_80.jpg,0
AnnualCrop/farmland_132.jpg,0
Residential/denseresidential_251.jpg,3
Forest/forest_218.jpg,1
Highway/viaduct_198.jpg,6
Residential/denseresidential_325.jpg,3
Residential/denseresidential_378.jpg,3
River/river_51.jpg,4
AnnualCrop/farmland_57.jpg,0
AnnualCrop/farmland_359.jpg,0
Residential/denseresidential_400.jpg,3
Pasture/meadow_140.jpg,5
AnnualCrop/farmland_230.jpg,0
Industrial/industrial_129.jpg,2
River/river_190.jpg,4
Highway/viaduct_260.jpg,6
River/river_28.jpg,4
Residential/denseresidential_200.jpg,3
Highway/viaduct_262.jpg,6
AnnualCrop/farmland_322.jpg,0
Residential/denseresidential_165.jpg,3
AnnualCrop/farmland_165.jpg,0
Residential/denseresidential_132.jpg,3
River/river_227.jpg,4
Residential/denseresidential_100.jpg,3
River/river_287.jpg,4
Highway/viaduct_211.jpg,6
Residential/denseresidential_324.jpg,3
Industrial/industrial_66.jpg,2
Forest/forest_243.jpg,1
Forest/forest_141.jpg,1
AnnualCrop/farmland_228.jpg,0
Industrial/industrial_32.jpg,2
Highway/viaduct_72.jpg,6
Industrial/industrial_137.jpg,2
Highway/viaduct_412.jpg,6
River/river_195.jpg,4
Industrial/industrial_3.jpg,2
Pasture/meadow_139.jpg,5
Pasture/meadow_129.jpg,5
Highway/viaduct_97.jpg,6
River/river_30.jpg,4
Forest/forest_4.jpg,1
Pasture/meadow_79.jpg,5
Industrial/industrial_238.jpg,2
Forest/forest_231.jpg,1
AnnualCrop/farmland_11.jpg,0
River/river_282.jpg,4
Pasture/meadow_196.jpg,5
AnnualCrop/farmland_145.jpg,0
Highway/viaduct_393.jpg,6
Pasture/meadow_277.jpg,5
Pasture/meadow_99.jpg,5
Pasture/meadow_37.jpg,5
Forest/forest_1.jpg,1
Forest/forest_7.jpg,1
Industrial/industrial_153.jpg,2
Residential/denseresidential_52.jpg,3
River/river_323.jpg,4
River/river_133.jpg,4
Forest/forest_246.jpg,1
AnnualCrop/farmland_241.jpg,0
River/river_318.jpg,4
Residential/denseresidential_182.jpg,3
Highway/viaduct_121.jpg,6
Residential/denseresidential_91.jpg,3
Highway/viaduct_163.jpg,6
AnnualCrop/farmland_183.jpg,0
Residential/denseresidential_88.jpg,3
Industrial/industrial_274.jpg,2
Highway/viaduct_343.jpg,6
Highway/viaduct_28.jpg,6
Industrial/industrial_174.jpg,2
Highway/viaduct_331.jpg,6
Highway/viaduct_271.jpg,6
Residential/denseresidential_374.jpg,3
AnnualCrop/farmland_339.jpg,0
AnnualCrop/farmland_46.jpg,0
Forest/forest_118.jpg,1
Pasture/meadow_111.jpg,5
River/river_26.jpg,4
Pasture/meadow_225.jpg,5
Highway/viaduct_369.jpg,6
AnnualCrop/farmland_219.jpg,0
River/river_45.jpg,4
Industrial/industrial_289.jpg,2
Pasture/meadow_62.jpg,5
Highway/viaduct_219.jpg,6
Forest/forest_132.jpg,1
River/river_162.jpg,4
AnnualCrop/farmland_328.jpg,0
Forest/forest_199.jpg,1
Pasture/meadow_255.jpg,5
Pasture/meadow_92.jpg,5
Industrial/industrial_121.jpg,2
River/river_250.jpg,4
Residential/denseresidential_159.jpg,3
Residential/denseresidential_42.jpg,3
Highway/viaduct_385.jpg,6
Pasture/meadow_23.jpg,5
Residential/denseresidential_64.jpg,3
Industrial/industrial_387.jpg,2
Highway/viaduct_352.jpg,6
AnnualCrop/farmland_225.jpg,0
Residential/denseresidential_41.jpg,3
River/river_92.jpg,4
Industrial/industrial_222.jpg,2
River/river_253.jpg,4
Highway/viaduct_9.jpg,6
Forest/forest_56.jpg,1
Pasture/meadow_180.jpg,5
Highway/viaduct_36.jpg,6
Forest/forest_190.jpg,1
Highway/viaduct_285.jpg,6
Pasture/meadow_152.jpg,5
Residential/denseresidential_143.jpg,3
Residential/denseresidential_287.jpg,3
Forest/forest_113.jpg,1
River/river_55.jpg,4
River/river_18.jpg,4
Residential/denseresidential_196.jpg,3
Industrial/industrial_10.jpg,2
River/river_97.jpg,4
AnnualCrop/farmland_91.jpg,0
River/river_377.jpg,4
Pasture/meadow_58.jpg,5
Residential/denseresidential_89.jpg,3
Industrial/industrial_85.jpg,2
Industrial/industrial_378.jpg,2
Highway/viaduct_42.jpg,6
River/river_36.jpg,4
AnnualCrop/farmland_264.jpg,0
Residential/denseresidential_122.jpg,3
River/river_156.jpg,4
Forest/forest_235.jpg,1
River/river_183.jpg,4
Highway/viaduct_334.jpg,6
Residential/denseresidential_153.jpg,3
River/river_119.jpg,4
Industrial/industrial_210.jpg,2
Residential/denseresidential_180.jpg,3
AnnualCrop/farmland_242.jpg,0
Forest/forest_103.jpg,1
Highway/viaduct_303.jpg,6
Forest/forest_86.jpg,1
Highway/viaduct_77.jpg,6
Forest/forest_23.jpg,1
Highway/viaduct_138.jpg,6
Residential/denseresidential_49.jpg,3
Highway/viaduct_306.jpg,6
Forest/forest_102.jpg,1
Industrial/industrial_99.jpg,2
River/river_60.jpg,4
Highway/viaduct_209.jpg,6
Highway/viaduct_185.jpg,6
Pasture/meadow_185.jpg,5
Industrial/industrial_35.jpg,2
Residential/denseresidential_105.jpg,3
River/river_284.jpg,4
Residential/denseresidential_224.jpg,3
Residential/denseresidential_134.jpg,3
AnnualCrop/farmland_240.jpg,0
Industrial/industrial_43.jpg,2
Highway/viaduct_417.jpg,6
Pasture/meadow_124.jpg,5
Residential/denseresidential_23.jpg,3
Forest/forest_174.jpg,1
Highway/viaduct_345.jpg,6
Highway/viaduct_416.jpg,6
Pasture/meadow_119.jpg,5
River/river_228.jpg,4
Residential/denseresidential_298.jpg,3
Forest/forest_22.jpg,1
AnnualCrop/farmland_87.jpg,0
Residential/denseresidential_351.jpg,3
Industrial/industrial_40.jpg,2
AnnualCrop/farmland_272.jpg,0
Residential/denseresidential_167.jpg,3
Industrial/industrial_235.jpg,2
Forest/forest_181.jpg,1
Highway/viaduct_184.jpg,6
AnnualCrop/farmland_335.jpg,0
Industrial/industrial_213.jpg,2
Pasture/meadow_270.jpg,5
AnnualCrop/farmland_180.jpg,0
Highway/viaduct_20.jpg,6
Industrial/industrial_42.jpg,2
River/river_304.jpg,4
AnnualCrop/farmland_222.jpg,0
Industrial/industrial_185.jpg,2
Industrial/industrial_257.jpg,2
Pasture/meadow_61.jpg,5
AnnualCrop/farmland_262.jpg,0
Industrial/industrial_298.jpg,2
Forest/forest_154.jpg,1
Forest/forest_135.jpg,1
River/river_264.jpg,4
River/river_208.jpg,4
Industrial/industrial_255.jpg,2
Residential/denseresidential_307.jpg,3
Industrial/industrial_243.jpg,2
Residential/denseresidential_233.jpg,3
Pasture/meadow_207.jpg,5
Pasture/meadow_268.jpg,5
Highway/viaduct_419.jpg,6
Industrial/industrial_180.jpg,2
Pasture/meadow_267.jpg,5
River/river_177.jpg,4
Pasture/meadow_243.jpg,5
Highway/viaduct_212.jpg,6
Pasture/meadow_86.jpg,5
River/river_189.jpg,4
Industrial/industrial_132.jpg,2
Pasture/meadow_265.jpg,5
Industrial/industrial_310.jpg,2
River/river_16.jpg,4
Industrial/industrial_147.jpg,2
Residential/denseresidential_213.jpg,3
AnnualCrop/farmland_6.jpg,0
Pasture/meadow_26.jpg,5
AnnualCrop/farmland_56.jpg,0
Forest/forest_111.jpg,1
Pasture/meadow_172.jpg,5
Residential/denseresidential_151.jpg,3
AnnualCrop/farmland_246.jpg,0
Residential/denseresidential_282.jpg,3
Industrial/industrial_111.jpg,2
Forest/forest_162.jpg,1
Pasture/meadow_98.jpg,5
Forest/forest_62.jpg,1
Industrial/industrial_22.jpg,2
River/river_25.jpg,4
Industrial/industrial_120.jpg,2
Residential/denseresidential_334.jpg,3
River/river_6.jpg,4
Forest/forest_98.jpg,1
Highway/viaduct_310.jpg,6
River/river_78.jpg,4
Residential/denseresidential_183.jpg,3
Industrial/industrial_53.jpg,2
Highway/viaduct_25.jpg,6
River/river_12.jpg,4
River/river_285.jpg,4
AnnualCrop/farmland_47.jpg,0
Residential/denseresidential_243.jpg,3
Forest/forest_130.jpg,1
Residential/denseresidential_185.jpg,3
Residential/denseresidential_148.jpg,3
AnnualCrop/farmland_101.jpg,0
Highway/viaduct_284.jpg,6
Industrial/industrial_251.jpg,2
AnnualCrop/farmland_192.jpg,0
Pasture/meadow_102.jpg,5
Residential/denseresidential_268.jpg,3
Forest/forest_31.jpg,1
Forest/forest_43.jpg,1
Pasture/meadow_80.jpg,5
Industrial/industrial_92.jpg,2
Residential/denseresidential_354.jpg,3
Industrial/industrial_307.jpg,2
Highway/viaduct_411.jpg,6
Pasture/meadow_118.jpg,5
Industrial/industrial_206.jpg,2
Industrial/industrial_320.jpg,2
Highway/viaduct_396.jpg,6
Forest/forest_163.jpg,1
AnnualCrop/farmland_9.jpg,0
Pasture/meadow_224.jpg,5
River/river_255.jpg,4
AnnualCrop/farmland_207.jpg,0
River/river_67.jpg,4
Residential/denseresidential_10.jpg,3
Forest/forest_134.jpg,1
Industrial/industrial_305.jpg,2
Industrial/industrial_57.jpg,2
Residential/denseresidential_228.jpg,3
Pasture/meadow_199.jpg,5
Industrial/industrial_6.jpg,2
River/river_15.jpg,4
AnnualCrop/farmland_263.jpg,0
Industrial/industrial_286.jpg,2
Highway/viaduct_19.jpg,6
AnnualCrop/farmland_308.jpg,0
Industrial/industrial_201.jpg,2
Residential/denseresidential_166.jpg,3
Residential/denseresidential_269.jpg,3
AnnualCrop/farmland_60.jpg,0
Highway/viaduct_79.jpg,6
AnnualCrop/farmland_279.jpg,0
Industrial/industrial_240.jpg,2
Highway/viaduct_270.jpg,6
Pasture/meadow_53.jpg,5
AnnualCrop/farmland_349.jpg,0
Highway/viaduct_318.jpg,6
Industrial/industrial_236.jpg,2
Pasture/meadow_31.jpg,5
Forest/forest_223.jpg,1
Residential/denseresidential_316.jpg,3
Residential/denseresidential_266.jpg,3
Pasture/meadow_83.jpg,5
Highway/viaduct_244.jpg,6
Residential/denseresidential_163.jpg,3
Industrial/industrial_47.jpg,2
Highway/viaduct_101.jpg,6
Highway/viaduct_3.jpg,6
Pasture/meadow_206.jpg,5
River/river_125.jpg,4
Forest/forest_156.jpg,1
Residential/denseresidential_332.jpg,3
River/river_359.jpg,4
Forest/forest_20.jpg,1
Pasture/meadow_112.jpg,5
Highway/viaduct_44.jpg,6
AnnualCrop/farmland_323.jpg,0
Industrial/industrial_36.jpg,2
Residential/denseresidential_66.jpg,3
Highway/viaduct_103.jpg,6
River/river_389.jpg,4
AnnualCrop/farmland_352.jpg,0
Residential/denseresidential_63.jpg,3
Pasture/meadow_159.jpg,5
Pasture/meadow_220.jpg,5
Pasture/meadow_231.jpg,5
Residential/denseresidential_260.jpg,3
Highway/viaduct_408.jpg,6
Highway/viaduct_106.jpg,6
Industrial/industrial_216.jpg,2
Highway/viaduct_245.jpg,6
Highway/viaduct_27.jpg,6
Industrial/industrial_362.jpg,2
Forest/forest_225.jpg,1
Industrial/industrial_237.jpg,2
Pasture/meadow_226.jpg,5
Industrial/industrial_273.jpg,2
Highway/viaduct_93.jpg,6
Residential/denseresidential_405.jpg,3
Pasture/meadow_57.jpg,5
Forest/forest_99.jpg,1
AnnualCrop/farmland_69.jpg,0
AnnualCrop/farmland_315.jpg,0
River/river_170.jpg,4
Residential/denseresidential_95.jpg,3
Highway/viaduct_98.jpg,6
River/river_204.jpg,4
Forest/forest_167.jpg,1
Industrial/industrial_321.jpg,2
River/river_371.jpg,4
Highway/viaduct_293.jpg,6
Industrial/industrial_37.jpg,2
Pasture/meadow_5.jpg,5
River/river_203.jpg,4
Residential/denseresidential_103.jpg,3
Industrial/industrial_18.jpg,2
Industrial/industrial_77.jpg,2
Forest/forest_185.jpg,1
Pasture/meadow_21.jpg,5
Residential/denseresidential_382.jpg,3
Forest/forest_244.jpg,1
Highway/viaduct_40.jpg,6
Industrial/industrial_285.jpg,2
Residential/denseresidential_191.jpg,3
Industrial/industrial_267.jpg,2
River/river_8.jpg,4
Highway/viaduct_299.jpg,6
River/river_136.jpg,4
AnnualCrop/farmland_197.jpg,0
Residential/denseresidential_45.jpg,3
Industrial/industrial_170.jpg,2
AnnualCrop/farmland_258.jpg,0
Highway/viaduct_325.jpg,6
AnnualCrop/farmland_42.jpg,0
Residential/denseresidential_114.jpg,3
Forest/forest_247.jpg,1
Residential/denseresidential_347.jpg,3
Residential/denseresidential_308.jpg,3
Forest/forest_176.jpg,1
Pasture/meadow_42.jpg,5
Industrial/industrial_1.jpg,2
Residential/denseresidential_190.jpg,3
Industrial/industrial_272.jpg,2
River/river_393.jpg,4
Highway/viaduct_141.jpg,6
Highway/viaduct_381.jpg,6
Industrial/industrial_363.jpg,2
Residential/denseresidential_373.jpg,3
Industrial/industrial_317.jpg,2
River/river_409.jpg,4
Industrial/industrial_345.jpg,2
AnnualCrop/farmland_129.jpg,0
Pasture/meadow_73.jpg,5
Highway/viaduct_372.jpg,6
Industrial/industrial_51.jpg,2
AnnualCrop/farmland_206.jpg,0
Forest/forest_160.jpg,1
Industrial/industrial_265.jpg,2
Residential/denseresidential_44.jpg,3
Forest/forest_242.jpg,1
Residential/denseresidential_7.jpg,3
Pasture/meadow_64.jpg,5
Forest/forest_217.jpg,1
Industrial/industrial_31.jpg,2
Industrial/industrial_389.jpg,2
Residential/denseresidential_207.jpg,3
Highway/viaduct_255.jpg,6
River/river_150.jpg,4
River/river_269.jpg,4
Highway/viaduct_16.jpg,6
River/river_21.jpg,4
AnnualCrop/farmland_131.jpg,0
Industrial/industrial_202.jpg,2
Residential/denseresidential_230.jpg,3
River/river_376.jpg,4
AnnualCrop/farmland_10.jpg,0
Industrial/industrial_248.jpg,2
River/river_2.jpg,4
Residential/denseresidential_123.jpg,3
Industrial/industrial_291.jpg,2
Industrial/industrial_385.jpg,2
AnnualCrop/farmland_89.jpg,0
Highway/viaduct_30.jpg,6
Residential/denseresidential_337.jpg,3
Forest/forest_77.jpg,1
AnnualCrop/farmland_213.jpg,0
Residential/denseresidential_344.jpg,3
River/river_58.jpg,4
Forest/forest_83.jpg,1
Highway/viaduct_326.jpg,6
Industrial/industrial_97.jpg,2
Forest/forest_180.jpg,1
Forest/forest_213.jpg,1
AnnualCrop/farmland_153.jpg,0
Residential/denseresidential_48.jpg,3
Industrial/industrial_34.jpg,2
AnnualCrop/farmland_299.jpg,0
Industrial/industrial_7.jpg,2
Industrial/industrial_145.jpg,2
Pasture/meadow_262.jpg,5
Forest/forest_19.jpg,1
Industrial/industrial_114.jpg,2
River/river_38.jpg,4
Industrial/industrial_263.jpg,2
Industrial/industrial_198.jpg,2
River/river_72.jpg,4
AnnualCrop/farmland_106.jpg,0
Pasture/meadow_187.jpg,5
Highway/viaduct_277.jpg,6
Highway/viaduct_224.jpg,6
River/river_127.jpg,4
AnnualCrop/farmland_261.jpg,0
Pasture/meadow_48.jpg,5
Residential/denseresidential_187.jpg,3
Industrial/industrial_13.jpg,2
Highway/viaduct_317.jpg,6
Residential/denseresidential_76.jpg,3
Industrial/industrial_224.jpg,2
AnnualCrop/farmland_351.jpg,0
Forest/forest_105.jpg,1
AnnualCrop/farmland_162.jpg,0
Residential/denseresidential_372.jpg,3
AnnualCrop/farmland_274.jpg,0
Pasture/meadow_12.jpg,5
Industrial/industrial_284.jpg,2
Industrial/industrial_364.jpg,2
Forest/forest_89.jpg,1
Highway/viaduct_386.jpg,6
Highway/viaduct_96.jpg,6
Forest/forest_184.jpg,1
River/river_102.jpg,4
Industrial/industrial_93.jpg,2
Residential/denseresidential_206.jpg,3
Industrial/industrial_357.jpg,2
River/river_396.jpg,4
Highway/viaduct_376.jpg,6
Forest/forest_37.jpg,1
Industrial/industrial_189.jpg,2
Forest/forest_168.jpg,1
Residential/denseresidential_58.jpg,3
Forest/forest_191.jpg,1
Forest/forest_76.jpg,1
Residential/denseresidential_235.jpg,3
River/river_112.jpg,4
River/river_140.jpg,4
AnnualCrop/farmland_102.jpg,0
Highway/viaduct_123.jpg,6
AnnualCrop/farmland_248.jpg,0
Highway/viaduct_199.jpg,6
AnnualCrop/farmland_135.jpg,0
Residential/denseresidential_395.jpg,3
Industrial/industrial_334.jpg,2
Highway/viaduct_41.jpg,6
AnnualCrop/farmland_221.jpg,0
Residential/denseresidential_9.jpg,3
River/river_219.jpg,4
River/river_1.jpg,4
Industrial/industrial_184.jpg,2
Pasture/meadow_213.jpg,5
Industrial/industrial_199.jpg,2
Highway/viaduct_150.jpg,6
Industrial/industrial_81.jpg,2
AnnualCrop/farmland_68.jpg,0
Pasture/meadow_85.jpg,5
Residential/denseresidential_135.jpg,3
AnnualCrop/farmland_353.jpg,0
Industrial/industrial_123.jpg,2
River/river_261.jpg,4
Residential/denseresidential_3.jpg,3
Industrial/industrial_212.jpg,2
AnnualCrop/farmland_361.jpg,0
Highway/viaduct_119.jpg,6
Highway/viaduct_329.jpg,6
Residential/denseresidential_281.jpg,3
Industrial/industrial_48.jpg,2
Forest/forest_33.jpg,1
Highway/viaduct_175.jpg,6
AnnualCrop/farmland_209.jpg,0
Residential/denseresidential_375.jpg,3
Highway/viaduct_279.jpg,6
Pasture/meadow_192.jpg,5
Highway/viaduct_394.jpg,6
Industrial/industrial_62.jpg,2
Residential/denseresidential_320.jpg,3
Pasture/meadow_66.jpg,5
Residential/denseresidential_322.jpg,3
Residential/denseresidential_28.jpg,3
Industrial/industrial_377.jpg,2
Highway/viaduct_339.jpg,6
Highway/viaduct_281.jpg,6
Pasture/meadow_35.jpg,5
Highway/viaduct_272.jpg,6
River/river_289.jpg,4
Residential/denseresidential_94.jpg,3
Industrial/industrial_108.jpg,2
Pasture/meadow_228.jpg,5
Residential/denseresidential_407.jpg,3
Industrial/industrial_67.jpg,2
Residential/denseresidential_101.jpg,3
River/river_326.jpg,4
Pasture/meadow_155.jpg,5
Residential/denseresidential_242.jpg,3
Industrial/industrial_33.jpg,2
Highway/viaduct_12.jpg,6
Forest/forest_30.jpg,1
Forest/forest_69.jpg,1
Industrial/industrial_191.jpg,2
River/river_353.jpg,4
Residential/denseresidential_296.jpg,3
AnnualCrop/farmland_100.jpg,0
Pasture/meadow_33.jpg,5
Industrial/industrial_337.jpg,2
Residential/denseresidential_386.jpg,3
Pasture/meadow_143.jpg,5
Industrial/industrial_179.jpg,2
Pasture/meadow_123.jpg,5
Residential/denseresidential_253.jpg,3
Industrial/industrial_296.jpg,2
Residential/denseresidential_338.jpg,3
AnnualCrop/farmland_117.jpg,0
Residential/denseresidential_177.jpg,3
AnnualCrop/farmland_119.jpg,0
AnnualCrop/farmland_327.jpg,0
Highway/viaduct_158.jpg,6
Residential/denseresidential_31.jpg,3
Pasture/meadow_4.jpg,5
Highway/viaduct_401.jpg,6
AnnualCrop/farmland_344.jpg,0
AnnualCrop/farmland_77.jpg,0
Highway/viaduct_200.jpg,6
AnnualCrop/farmland_187.jpg,0
Forest/forest_27.jpg,1
River/river_383.jpg,4
Industrial/industrial_346.jpg,2
Pasture/meadow_186.jpg,5
AnnualCrop/farmland_300.jpg,0
Forest/forest_28.jpg,1
AnnualCrop/farmland_115.jpg,0
River/river_337.jpg,4
River/river_395.jpg,4
Residential/denseresidential_393.jpg,3
Pasture/meadow_147.jpg,5
Highway/viaduct_223.jpg,6
Industrial/industrial_279.jpg,2
Residential/denseresidential_326.jpg,3
River/river_249.jpg,4
Residential/denseresidential_397.jpg,3
River/river_283.jpg,4
Industrial/industrial_9.jpg,2
River/river_13.jpg,4
Highway/viaduct_182.jpg,6
Highway/viaduct_226.jpg,6
Pasture/meadow_14.jpg,5
Residential/denseresidential_381.jpg,3
Forest/forest_198.jpg,1
Highway/viaduct_15.jpg,6
Residential/denseresidential_205.jpg,3
Residential/denseresidential_216.jpg,3
River/river_90.jpg,4
River/river_27.jpg,4
Pasture/meadow_8.jpg,5
Industrial/industrial_209.jpg,2
River/river_309.jpg,4
River/river_280.jpg,4
Industrial/industrial_293.jpg,2
Forest/forest_66.jpg,1
AnnualCrop/farmland_355.jpg,0
Pasture/meadow_54.jpg,5
Residential/denseresidential_22.jpg,3
AnnualCrop/farmland_133.jpg,0
River/river_325.jpg,4
AnnualCrop/farmland_18.jpg,0
Industrial/industrial_152.jpg,2
AnnualCrop/farmland_229.jpg,0
Highway/viaduct_214.jpg,6
Residential/denseresidential_272.jpg,3
Residential/denseresidential_155.jpg,3
Highway/viaduct_274.jpg,6
River/river_279.jpg,4
Highway/viaduct_298.jpg,6
Forest/forest_49.jpg,1
Highway/viaduct_167.jpg,6
Industrial/industrial_163.jpg,2
River/river_145.jpg,4
Industrial/industrial_109.jpg,2
Industrial/industrial_46.jpg,2
River/river_100.jpg,4
Highway/viaduct_115.jpg,6
Highway/viaduct_29.jpg,6
Residential/denseresidential_273.jpg,3
River/river_297.jpg,4
AnnualCrop/farmland_20.jpg,0
Residential/denseresidential_256.jpg,3
AnnualCrop/farmland_159.jpg,0
AnnualCrop/farmland_277.jpg,0
Forest/forest_71.jpg,1
Residential/denseresidential_336.jpg,3
Residential/denseresidential_309.jpg,3
Highway/viaduct_32.jpg,6
River/river_260.jpg,4
AnnualCrop/farmland_72.jpg,0
River/river_350.jpg,4
Industrial/industrial_390.jpg,2
Highway/viaduct_192.jpg,6
River/river_202.jpg,4
Pasture/meadow_178.jpg,5
AnnualCrop/farmland_257.jpg,0
Industrial/industrial_204.jpg,2
River/river_101.jpg,4
River/river_372.jpg,4
River/river_137.jpg,4
River/river_382.jpg,4
Industrial/industrial_256.jpg,2
River/river_207.jpg,4
Pasture/meadow_232.jpg,5
Pasture/meadow_174.jpg,5
Pasture/meadow_39.jpg,5
River/river_365.jpg,4
AnnualCrop/farmland_160.jpg,0
River/river_46.jpg,4
Industrial/industrial_223.jpg,2
Forest/forest_64.jpg,1
Industrial/industrial_169.jpg,2
AnnualCrop/farmland_154.jpg,0
Highway/viaduct_35.jpg,6
Residential/denseresidential_214.jpg,3
Industrial/industrial_63.jpg,2
Pasture/meadow_238.jpg,5
River/river_314.jpg,4
AnnualCrop/farmland_254.jpg,0
Residential/denseresidential_329.jpg,3
River/river_405.jpg,4
Residential/denseresidential_350.jpg,3
AnnualCrop/farmland_267.jpg,0
Highway/viaduct_344.jpg,6
Pasture/meadow_211.jpg,5
River/river_63.jpg,4
Industrial/industrial_125.jpg,2
Highway/viaduct_118.jpg,6
Residential/denseresidential_1.jpg,3
River/river_238.jpg,4
Highway/viaduct_6.jpg,6
River/river_307.jpg,4
Industrial/industrial_112.jpg,2
Highway/viaduct_283.jpg,6
Pasture/meadow_145.jpg,5
AnnualCrop/farmland_38.jpg,0
Highway/viaduct_22.jpg,6
River/river_138.jpg,4
Forest/forest_11.jpg,1
AnnualCrop/farmland_146.jpg,0
River/river_357.jpg,4
River/river_168.jpg,4
River/river_328.jpg,4
Pasture/meadow_63.jpg,5
Pasture/meadow_269.jpg,5
AnnualCrop/farmland_95.jpg,0
River/river_336.jpg,4
Forest/forest_55.jpg,1
AnnualCrop/farmland_181.jpg,0
AnnualCrop/farmland_67.jpg,0
Highway/viaduct_63.jpg,6
Industrial/industrial_130.jpg,2
Industrial/industrial_173.jpg,2
Industrial/industrial_55.jpg,2
Pasture/meadow_84.jpg,5
Forest/forest_108.jpg,1
Forest/forest_205.jpg,1
Industrial/industrial_351.jpg,2
River/river_192.jpg,4
AnnualCrop/farmland_346.jpg,0
Pasture/meadow_89.jpg,5
Highway/viaduct_404.jpg,6
Highway/viaduct_308.jpg,6
Highway/viaduct_206.jpg,6
Forest/forest_153.jpg,1
Industrial/industrial_183.jpg,2
Highway/viaduct_398.jpg,6
AnnualCrop/farmland_65.jpg,0
Industrial/industrial_260.jpg,2
Highway/viaduct_201.jpg,6
Highway/viaduct_52.jpg,6
Residential/denseresidential_51.jpg,3
Industrial/industrial_68.jpg,2
Pasture/meadow_181.jpg,5
AnnualCrop/farmland_114.jpg,0
Industrial/industrial_368.jpg,2
Industrial/industrial_79.jpg,2
AnnualCrop/farmland_358.jpg,0
AnnualCrop/farmland_92.jpg,0
AnnualCrop/farmland_161.jpg,0
Industrial/industrial_312.jpg,2
Industrial/industrial_358.jpg,2
AnnualCrop/farmland_227.jpg,0
Pasture/meadow_3.jpg,5
Forest/forest_2.jpg,1
Highway/viaduct_349.jpg,6
Industrial/industrial_196.jpg,2
River/river_167.jpg,4
Pasture/meadow_28.jpg,5
Highway/viaduct_145.jpg,6
Highway/viaduct_62.jpg,6
Residential/denseresidential_4.jpg,3
River/river_14.jpg,4
Residential/denseresidential_14.jpg,3
Industrial/industrial_25.jpg,2
AnnualCrop/farmland_236.jpg,0
Highway/viaduct_312.jpg,6
River/river_93.jpg,4
Highway/viaduct_87.jpg,6
AnnualCrop/farmland_205.jpg,0
Residential/denseresidential_257.jpg,3
AnnualCrop/farmland_276.jpg,0
Industrial/industrial_349.jpg,2
Pasture/meadow_273.jpg,5
Highway/viaduct_73.jpg,6
River/river_275.jpg,4
Forest/forest_245.jpg,1
Residential/denseresidential_355.jpg,3
Highway/viaduct_259.jpg,6
Residential/denseresidential_387.jpg,3
AnnualCrop/farmland_112.jpg,0
Residential/denseresidential_108.jpg,3
Industrial/industrial_261.jpg,2
Highway/viaduct_290.jpg,6
AnnualCrop/farmland_166.jpg,0
Pasture/meadow_72.jpg,5
Residential/denseresidential_248.jpg,3
Forest/forest_70.jpg,1
Residential/denseresidential_82.jpg,3
Industrial/industrial_80.jpg,2
Industrial/industrial_327.jpg,2
River/river_143.jpg,4
Residential/denseresidential_93.jpg,3
Highway/viaduct_365.jpg,6
Pasture/meadow_75.jpg,5
Forest/forest_157.jpg,1
AnnualCrop/farmland_109.jpg,0
Highway/viaduct_296.jpg,6
Residential/denseresidential_154.jpg,3
Forest/forest_239.jpg,1
Residential/denseresidential_129.jpg,3
Highway/viaduct_353.jpg,6
Industrial/industrial_131.jpg,2
Highway/viaduct_137.jpg,6
AnnualCrop/farmland_231.jpg,0
Forest/forest_119.jpg,1
Residential/denseresidential_98.jpg,3
AnnualCrop/farmland_319.jpg,0
AnnualCrop/farmland_278.jpg,0
Forest/forest_116.jpg,1
AnnualCrop/farmland_111.jpg,0
AnnualCrop/farmland_211.jpg,0
Highway/viaduct_162.jpg,6
Highway/viaduct_10.jpg,6
Residential/denseresidential_62.jpg,3
Pasture/meadow_113.jpg,5
Highway/viaduct_2.jpg,6
Residential/denseresidential_299.jpg,3
Residential/denseresidential_106.jpg,3
Industrial/industrial_233.jpg,2
Residential/denseresidential_292.jpg,3
Forest/forest_41.jpg,1
Residential/denseresidential_244.jpg,3
Forest/forest_47.jpg,1
Highway/viaduct_55.jpg,6
River/river_248.jpg,4
Pasture/meadow_182.jpg,5
River/river_218.jpg,4
Forest/forest_164.jpg,1
